id;i_ddelivery;name;last_name;position
1;61666;Fantastic;Walter;Stravenue
2;77944;Serbia Investment Account;Powlowski;input Investor
3;52725;salmon black;Friesen;productize
4;90201;Multi-layered Salad;Eichmann;extensible
5;277;SCSI connecting;Weber;Home Loan Account Reverse-engineered
6;7935;Principal Fantastic demand-driven;Jakubowski;Kansas PNG Arkansas
7;93061;Awesome Plastic Shirt HDD;Wehner;interface
8;27471;Unbranded Rubber Towels panel French Polynesia;Bergnaum;ROI 6th generation Indian Rupee Ngultrum
9;19141;e-markets;Parker;compress Michigan process improvement
10;6220;interfaces;Turcotte;plug-and-play
