id;i_dorder;order_number;content;price;date
1;48469;32;input Legacy Rupiah;96959;2021-04-10
2;68713;57;Handcrafted Concrete Towels upward-trending connect;50210;2021-04-10
3;39702;49;Cambridgeshire Auto Loan Account circuit;87953;2021-04-10
4;36148;67;RSS;59476;2021-04-10
5;3682;38;Personal Loan Account feed;61533;2021-04-10
6;55341;82;Cotton hack;14754;2021-04-10
7;59066;96;Finland deposit Jewelery;89163;2021-04-10
8;38593;85;Pound Sterling;95082;2021-04-10
9;69512;59;Awesome Grove Bedfordshire;18802;2021-04-10
10;30058;45;transitional;36873;2021-04-10
